<?xml version="1.0" encoding="UTF-8"?>
<submission_xml xmlns:xsi="http://www.w3.org/2001/XMLSchema-instance"
    xsi:noNamespaceSchemaLocation="submission_schema.xsd">
    <!--
    This file is an example of a valid individual submission file.
    Note the schema file (XSD) pointed to on line 2/3 - TREAT THE SCHEMA AS READ ONLY
    Use this example file as a template and fill with your own data
    validating as you go along using Oxygen or some other schema aware editor;
	an on-line tool is here: https://www.liquid-technologies.com/online-xsd-validator

    DO NOT CHANGE ANY TAGS OR THEIR ORDER BUT ONLY THE CONTENT, OTHERWISE VALIDATION WILL FAIL
    Keep the schema in the same directory as the document as that's where oXygen expects it.
    -->
    <group id="3-A"/>
    <student id="22035321"/>
    <!--- Describe one or more group tasks that you contributed to -->
    <group_contribution>
        I worked on our website's map, weather, config file and ER models. By using the google
        maps API to create interactive maps with 2 cities, I ensured that at least six
        areas of interest were represented by markers in each city. When hovered over the
        markers produce a info-window showing some of the details, and clicking the marker
        will display more information on an other webpage. I have implemented a php document
        containing the weather forecast and all information into the existing website.
        I also designed and implemented a configuration file that contained API keys,
        database settings, and other crucial software setups.
    </group_contribution>

    <individual_component type="Refactor the front-end to be responsive">
    <description>
        The task I chose was to rework the website to use a CSS framework or library, therefore
        I went with Bootstrap, which ensures a streamlined and efficient user experience across all
        devices. To do this, I used Bootstrap as a CSS framework, with its gird structure, built-in
        components and utilities to construct a responsive user experience. Overall, I believe it
        has improved the website's design and feel.
    </description>

    <problems>
        One of the problems I encountered was the layout of the details.php webpage, the CSS was looked
        poor and low effort, additionally the website lacked any way to be accessible to mobile devices
        due to the lack of media queries. Making it difficult to adapt to the users viewport.
    </problems>

    <solutions>
        To resolve these problems I implemented the Bootstrap CSS framework. One of the ways I did this was
        use Bootstraps responsive grid system, this allowed me to make sure the data for details.php was
        presented well but also using responsive classes from bootstrap made sure the website would adjust
        accordingly for smaller devices such as mobile and larger devices such as a pc.
    </solutions>

    <hours_effort>13</hours_effort>

    <technologies>
        <tech>html5</tech>
        <tech>css</tech>
        <tech>javascript</tech>
        <tech>php</tech>
    </technologies>

    <source_files>
        <file>
            <name>style.css</name>
            <purpose>Constains all custom styles and also assits the bootstrap CSS to ensure a streamlined experiance</purpose>
        </file>
        <file>
            <name>details.php</name>
            <purpose>Displays the details of the place selected by user from map while using bootstrap CSS.</purpose>
        </file>
    </source_files>
</individual_component>

    <security_discussion>
        Attributes of the Parkerian Hexad in relation to information and data security:

        1. Confidentiality
        Instead of hardcoding the API keys into the source code, I placed them securely in a configuration
        file named config.php in a separate directory to protect sensitive data. This protects the credentials
        from exposure and illegal access. As a result making sure the API key is secure.

        2. Authenticity
        To ensure that the authenticity of the data is not comprimised, the application retrieves the data
        from verified websites such as Google Maps and OpenWeather. API keys were used to authenticate API requests
        to aquire the services. Therefore making sure the data is authentic.

        3. Availability
        To ensure availability, the system was designed to handle mistakes with ease. If any errors are discovered.
        The system can employ a user-defined error function to handle errors and save them to error_log.txt. This allows
        developers to debug and correct the software. If the errors are minor the system will continue to operate
        all its services without crashing.

        4. Utility
        To make sure information stays meaningful and useful to users the system makes use of utiliy.
        The system was designed to present data in an intelligible, well-structured, and easily accessible
        manner in compliance with best standards for usability and accessibility. This ensures efficient
        interaction with the system while protecting data integrity.
    </security_discussion>

    <individual_comment>
    This project has taught me how to effectively use databases and implement them using sql and php into a website
    effectively teaching both front-end and back-end development.
    </individual_comment>
</submission_xml>
<!-- DSA Individual XML File Example, 2023-4 -->
<!-- author: prakash.chatterjee@uwe.ac.uk -->
